<?xml version="1.0" encoding="UTF-8"?>
<project basedir=".." name="OFBiz_Main_Build-jdk">
    <property file="nbproject/nbjdk.properties"/>
    <property location="${netbeans.user}/build.properties" name="user.properties.file"/>
    <property file="${user.properties.file}"/>
    <import file="jdk.xml"/>
    <target depends="-jdk-init" name="build">
        <ant target="build"/>
    </target>
    <target depends="-jdk-init" name="clean">
        <ant target="clean"/>
    </target>
    <target depends="-jdk-init" name="docs">
        <ant target="docs"/>
    </target>
    <target depends="-jdk-init" name="run-nobuild">
        <ant target="run-nobuild"/>
    </target>
    <target depends="-jdk-init" name="run-tests">
        <ant target="run-tests"/>
    </target>
    <target depends="-jdk-init,-jdk-presetdef-nbjpdastart" name="debug-nb">
        <ant antfile="nbproject/ide-targets.xml" target="debug-nb"/>
    </target>
</project>
